epoch,step,train_loss,val_loss
0,0,0.7579326033592224,
0,1,0.7056612372398376,
0,2,0.8045693039894104,
0,3,0.6322650909423828,
0,4,0.8819732069969177,
0,5,0.448920339345932,
0,5,,0.7724524140357971
1,6,0.5653159618377686,
1,7,1.1977671384811401,
1,8,0.35343024134635925,
1,9,0.49122726917266846,
1,10,0.7274024486541748,
1,11,0.6220827102661133,
1,11,,0.619143545627594
