epoch,step,train_loss,val_loss
0,0,1.0201362371444702,
0,1,0.7898915410041809,
0,2,0.8994193077087402,
0,3,0.41418150067329407,
0,4,0.6890085935592651,
0,5,0.45491161942481995,
0,5,,0.6845014095306396
1,6,0.9421640634536743,
1,7,0.6903724074363708,
1,8,0.3152505159378052,
1,9,0.44967523217201233,
1,10,1.1290061473846436,
1,11,0.5410824418067932,
1,11,,0.5499517321586609
