epoch,step,train_loss,val_loss
0,0,1.1800599098205566,
0,1,0.7928354144096375,
0,2,0.5829200744628906,
0,3,0.7845970392227173,
0,4,0.8193404674530029,
0,5,0.24413830041885376,
0,5,,0.6999771595001221
1,6,1.1885485649108887,
1,7,0.6259027719497681,
1,8,0.51395183801651,
1,9,0.5346294045448303,
1,10,0.5842338800430298,
1,11,0.7085124850273132,
1,11,,0.6171002984046936
