epoch,step,train_loss,val_loss
0,0,1.2456092834472656,
0,1,0.5914695262908936,
0,2,0.712142825126648,
0,3,1.0809775590896606,
0,4,0.5437612533569336,
0,5,0.19860200583934784,
0,5,,0.5637344717979431
1,6,0.9921309947967529,
1,7,1.0037246942520142,
1,8,0.5595285296440125,
1,9,0.44546160101890564,
1,10,0.5405447483062744,
1,11,0.7236923575401306,
1,11,,0.44245997071266174
